team,playerName,position,salary,birth,birthYear,height,weight,elementarySchool,middleSchool,highSchool,nationality,teamCareer,joinYear,joinTeam
두산,강동연,투수,2500,1992-12-18,1992,195,94,진북초,덕수중,유신고,한국,,2012,두산
롯데,강승현,투수,2500,1985-10-06,1985,186,88,사당초,경원중,서울고,한국,단국대,2008,롯데
롯데,강영식,투수,30000,1981-06-17,1981,189,98,칠성초,경복중,상원고,한국,해태-삼성,2000,해태
넥센,강윤구,투수,10500,1990-07-10,1990,183,89,이수초,경원중,장충고,한국,(방송통신대),2009,히어로즈
KIA,고영창,투수,2500,1989-02-24,1989,189,92,서림초,진흥중,진흥고,한국,연세대,2013,KIA
NC,고창성,투수,7000,1984-12-21,1984,183,85,봉천초,홍은중,선린인터넷고,한국,경성대-두산,2008,두산
SK,고효준,투수,11000,1983-02-08,1983,179,71,서원초,세광중,세광고,한국,롯데,2003,SK
KIA,곽정철,투수,7000,1986-03-14,1986,186,95,송정동초,무등중,광주제일고,한국,,,
한화,구본범,투수,2600,1987-02-08,1987,191,91,인헌초,성남중,성남고,한국,원광대-한화-경찰,,
롯데,구승민,투수,2400,1990-06-12,1990,181,80,동일초(도봉리틀),청원중,청원고,한국,홍익대,,
넥센,구자형,투수,2400,1990-11-30,1990,188,88,내발산초,신월중,경동고,한국,동의대,2014,넥센
삼성,권오준,투수,12000,1980-03-09,1980,182,80,화곡초,선린중,선린정보고,한국,,1999,삼성
넥센,권택형,투수,2400,1993-09-24,1993,184,85,사당초,언북중,덕수고,한국,,2012,넥센
삼성,권혁,투수,26000,1983-11-06,1983,192,97,수창초,성광중,포철공고,한국,,2002,삼성
넥센,금민철,투수,8000,1986-11-07,1986,181,87,부천북초,부천중,동산고,한국,(한국디지털대)-두산,2010,넥센
두산,김강률,투수,6000,1988-08-28,1988,187,95,문촌초(일산리틀),장성중,경기고,한국,두산-상무,2007,두산
삼성,김건필,투수,2500,1988-06-19,1988,187,93,제주신광초,경복중,대구고,한국,(방송통신대),2008,삼성
삼성,김건한,투수,6500,1981-03-26,1981,182,82,포항초,포철중,포철공고,한국,SK-KIA-상무-KIA,2001,SK
LG,김광삼,투수,7000,1980-08-15,1980,184,90,쌍문초,신일중,신일고,한국,LG-상무,1999,LG
한화,김광수,투수,8000,1981-05-05,1981,182,84,숭의초,상인천중,인천고,한국,LG,2000,LG
SK,김광현,투수,27000,1988-07-22,1988,188,88,덕성초(안산리틀),안산중앙중,안산공고,한국,,2007,SK
삼성,김기태,투수,3200,1987-05-11,1987,183,96,영랑초,설악중,동산고,한국,삼성-상무,2006,삼성
LG,김기표,투수,3900,1983-04-25,1983,185,84,길동초,경원중,경기고,한국,경성대,2006,LG
한화,김기현,투수,2400,1989-04-03,1989,184,96,쌍문초,신일중,신일고,한국,(원광대),2014,한화
넥센,김대우,투수,2700,1988-11-21,1988,183,85,역삼초,대치중,서울고,한국,홍익대-넥센-상무,,
SK,김대유,투수,2400,1991-05-08,1991,186,90,중앙초,부산중,부산고,한국,우리-히어로즈-넥센,,
한화,김동조,투수,2400,1990-01-28,1990,181,75,학강초,순천이수중,효천고,한국,세한대,,
넥센,김동준,투수,2400,1992-03-02,1992,185,90,남부민초,대신중,부경고,한국,,2012,넥센
두산,김명성,투수,3100,1988-04-08,1988,179,88,중대초,이수중,장충고,한국,중앙대-롯데,2011,롯데
KIA,김병현,투수,20000,1979-01-19,1979,178,85,수창초,무등중,광주제일고,한국,성균관대-넥센,1999,애리조나
롯데,김사율,투수,15000,1980-04-17,1980,181,95,감천초,대신중,경남상고,한국,,1999,롯데
LG,김선규,투수,6000,1986-04-20,1986,185,94,순천북초,이수중,효천고,한국,SK,2005,SK
LG,김선우,투수,15000,1977-09-04,1977,182,88,내발산초,신월중,휘문고,한국,고려대-두산,1997,보스턴
NC,김성계,투수,2900,1985-05-23,1985,190,87,서림초,충장중,광주제일고,한국,KIA-상무-KIA,2004,KIA
롯데,김성배,투수,19000,1981-01-12,1981,181,81,장안초,배명중,배명고,한국,건국대-두산-상무-두산,2003,두산
넥센,김성태,투수,4000,1982-01-03,1982,185,84,삼릉초,언북중,장충고,한국,현대,2000,현대
두산,김수완,투수,7000,1989-07-20,1989,185,76,삼성초,내동중,제주관광산업고,한국,롯데,2010,롯데
롯데,김승회,투수,12000,1981-02-11,1981,177,85,역삼초,배명중,배명고,한국,탐라대-두산,,
넥센,김영광,투수,2400,1991-11-03,1991,182,73,쌍문초,원주중,원주고,한국,홍익대-KIA,2014,KIA
넥센,김영민,투수,7000,1987-08-07,1987,188,98,도신초,우신중,덕수정보고,한국,현대,2006,현대
롯데,김유영,투수,2400,1994-05-02,1994,180,79,양정초,개성중,경남고,한국,,2014,롯데
삼성,김재우,투수,2400,1987-07-04,1987,186,83,언북초,선린중,선린정보고,한국,인하대,,
한화,김종수,투수,2500,1994-06-03,1994,180,80,성동초,덕수중,울산공고,한국,,2013,한화
KIA,김준,투수,2800,1985-10-08,1985,180,80,하탑초,배명중,경기고,한국,고려대-SK,2008,SK
KIA,김지훈,투수,2400,1992-04-16,1992,181,88,하단초,마산중,마산고,한국,동강대,2014,KIA
NC,김진성,투수,4300,1985-03-07,1985,186,92,인헌초,성남중,성남서고,한국,SK-넥센,2005,SK
KIA,김진우,투수,13000,1983-03-07,1983,193,95,서석초,진흥중,진흥고,한국,,2002,KIA
두산,김창훈,투수,3400,1985-10-03,1985,183,82,가장초,천안북중,북일고,한국,한화,2004,한화
KIA,김태영,투수,8000,1980-04-07,1980,181,82,관산초,중앙중,부천고,한국,한라대-두산-상무-두산,,
넥센,김태형,투수,2600,1993-07-07,1993,185,82,창영초,동인천중,동산고,한국,NC,2012,NC
NC,김학성,투수,2400,1991-06-15,1991,183,82,관산초,평촌중,유신고,한국,건국대,2014,NC
한화,김혁민,투수,11400,1987-05-24,1987,187,94,군산남초,군산남중,성남서고,한국,(영남사이버대),2007,한화
삼성,김현우,투수,3000,1988-01-21,1988,185,111,가동초,대치중,강릉고,한국,한민대-삼성-상무,2010,삼성
LG,김효남,투수,3300,1983-03-26,1983,183,95,흥무초,경주중,경주고,한국,건국대-삼성-상무-삼성,2006,삼성
롯데,나승현,투수,3200,1987-04-06,1987,178,90,송정동초,충장중,광주제일고,한국,(영남사이버대)-롯데-경찰,2006,롯데
넥센,나이트,투수,410000,1975-10-01,1975,183,88,,,,미국,,,
두산,노경은,투수,28000,1984-03-11,1984,186,85,화곡초,성남중,성남고,한국,(대불대),2003,두산
NC,노성호,투수,4300,1989-10-22,1989,182,89,서흥초,상인천중,화순고,한국,동국대,2012,NC
삼성,노진용,투수,2600,1990-02-15,1990,182,85,응암초,덕수중,중앙고,한국,LG,2008,LG
두산,니퍼트,투수,387000,1981-05-06,1981,203,103,,,,미국,,,
SK,레이예스,투수,3.00E+05,1984-11-20,1984,189,97,,,,미국,,,
LG,류제국,투수,18000,1983-05-30,1983,190,105,용답초(성동리틀),청량중,덕수정보고,한국,,2001,시카고컵스
LG,류택현,투수,10000,1971-10-23,1971,185,80,도곡초,신일중,휘문고,한국,동국대-OB,1994,OB
LG,리오단,투수,250000,1986-05-25,1986,193,90,,,,미국,,,
두산,마야,투수,175000,1981-08-28,1981,183,95,,,,쿠바,,,
한화,마일영,투수,15000,1981-05-28,1981,177,95,대전신흥초,충남중,대전고,한국,(경기대)-우리-히어로즈,2000,현대
넥센,마정길,투수,8800,1979-03-13,1979,177,95,내덕초,청주중,청주기공고,한국,단국대-한화,2002,한화
삼성,마틴,투수,250000,1983-01-02,1983,193,101,,,,미국,,,
SK,문광은,투수,2800,1987-11-09,1987,180,85,서림초,진흥중,진흥고,한국,동의대,,
롯데,문동욱,투수,2400,1992-01-07,1992,187,90,수창초,동성중,동성고,한국,건국대,2014,롯데
넥센,문성현,투수,8500,1991-11-09,1991,180,87,남정초,선린중,충암고,한국,,2010,넥센
NC,문수호,투수,3300,1983-06-04,1983,185,85,신곡초,안산중앙중,선린인터넷고,한국,KIA-삼성,2002,KIA
NC,민성기,투수,2400,1989-09-12,1989,181,73,도신초,영남중,중앙고,한국,(방송통신대)-우리-히어로즈,2008,우리
KIA,박경태,투수,6500,1987-09-02,1987,185,87,숭의초,동산중,동산고,한국,,2006,KIA
SK,박규민,투수,2400,1995-03-14,1995,185,79,학강초,동성중,동성고,한국,,2014,SK
삼성,박근홍,투수,4000,1985-08-22,1985,180,90,양정초,부산동성중,부산고,한국,KIA,2004,KIA
NC,박명환,투수,5000,1977-06-07,1977,186,92,청구초,충암중,충암고,한국,(대불대)-OB-두산,1999,두산
두산,박민석,투수,2600,1989-07-04,1989,186,88,이수초,영동중,장충고,한국,두산-상무,2008,두산
SK,박민호,투수,2400,1992-02-25,1992,185,95,인천동막초,동인천중,인천고,한국,인하대,2014,SK
넥센,박병훈,투수,2400,1991-10-01,1991,181,83,도신초,강남중,유신고,한국,세한대,2014,넥센
KIA,박상옥,투수,2400,1991-09-12,1991,185,85,방배초,청원중,청원고,한국,연세대,2014,KIA
KIA,박성호,투수,3600,1986-07-04,1986,197,115,명서초,대천중,부산고,한국,고려대-한화-KIA-상무,,
넥센,박성훈,투수,9000,1982-09-19,1982,188,97,노암초,경포중,강릉고,한국,한양대-삼성,2005,삼성
SK,박정배,투수,8000,1982-04-01,1982,180,85,중동초,공주중,공주고,한국,한양대-두산,2005,두산
넥센,박정준,투수,2400,1992-03-22,1992,182,82,진북초,전라중,효천고,한국,,2014,넥센
한화,박정진,투수,20000,1976-05-27,1976,183,88,청주중앙초,청주중,세광고,한국,연세대,1999,한화
KIA,박준표,투수,2700,1992-06-26,1992,181,83,송정동초,진흥중,중앙고,한국,동강대,2013,KIA
KIA,박지훈,투수,5500,1989-09-21,1989,182,82,본리초,대구중,경북고,한국,단국대,2012,KIA
SK,박희수,투수,19000,1983-07-13,1983,184,88,유천초,한밭중,대전고,한국,동국대-SK-상무,2006,SK
LG,배민관,투수,2400,1991-07-29,1991,185,93,순천북초,성일중,야탑고,한국,LG-경찰,2011,경찰
삼성,배영수,투수,55000,1981-05-04,1981,184,84,칠성초,경복중,경북고,한국,,2000,삼성
롯데,배장호,투수,5200,1987-06-25,1987,188,95,수원신곡초,수원북중,유신고,한국,(영남사이버대)-롯데-상무,,
NC,배재환,투수,2400,1995-02-24,1995,186,95,가동초,잠신중,서울고,한국,,2014,NC
넥센,배힘찬,투수,3000,1983-12-08,1983,185,82,가동초,경원중,서울고,한국,현대,2002,현대
SK,백인식,투수,6000,1987-11-19,1987,185,95,백운초,덕수중,청원고,한국,제주산업대,,
삼성,백정현,투수,4500,1987-07-13,1987,184,80,옥산초,대구중,상원고,한국,,2007,삼성
삼성,밴덴헐크,투수,250000,1985-05-22,1985,198,104,,,,네덜란드,,,
SK,밴와트,투수,150000,1986-02-14,1986,192,100,,,,미국,,,
넥센,밴헤켄,투수,350000,1979-07-31,1979,193,90,,,,미국,,,
NC,변강득,투수,2400,1987-05-29,1987,180,87,사파초,창원신월중,용마고,한국,KIA,,
두산,변진수,투수,6500,1993-04-01,1993,178,78,사파초,충암중,충암고,한국,,2012,두산
두산,볼스테드,투수,250000,1986-09-23,1986,207,104,,,,미국,,,
LG,봉중근,투수,45000,1980-07-15,1980,190,98,수유초,신일중,신일고,한국,,1997,애틀란타
한화,서균,투수,2400,1992-01-11,1992,185,81,화곡초,영동중,청원고,한국,원광대,2014,한화
삼성,서동환,투수,3000,1986-03-27,1986,185,90,초량초,개성중,신일고,한국,두산,2005,두산
KIA,서재응,투수,20000,1977-05-24,1977,181,97,화정초,충장중,광주제일고,한국,인하대,1998,뉴욕메츠
두산,성영훈,투수,2400,1990-06-24,1990,180,82,구암초,덕수중,덕수고,한국,,2009,두산
넥센,소사,투수,150000,1985-07-28,1985,186,95,,,,도미니카,,,
NC,손민한,투수,10000,1975-01-02,1975,180,85,대연초,대천중,부산고,한국,고려대-롯데,,
넥센,손승락,투수,43000,1982-03-04,1982,187,88,내당초,경상중,대구고,한국,영남대-현대-경찰,2005,현대
NC,손정욱,투수,3300,1990-12-24,1990,182,84,도곡초,홍은중,덕수고,한국,경희대,2013,NC
롯데,송승준,투수,36000,1980-06-29,1980,183,105,하단초,경남중,경남고,한국,,1999,보스턴
넥센,송신영,투수,30000,1977-03-01,1977,180,88,재동초,중앙중,중앙고,한국,고려대-현대-우리-히어로즈-넥센-LG-한화-NC,1999,현대
LG,송윤준,투수,2600,1992-07-16,1992,186,78,남산초,공주중,북일고,한국,,2011,LG
KIA,송은범,투수,30000,1984-03-17,1984,182,88,서흥초,동산중,동산고,한국,SK,2003,SK
롯데,송주은,투수,2400,1994-03-25,1994,189,97,양정초,대천중,부산고,한국,,2013,롯데
한화,송창식,투수,13000,1985-03-25,1985,183,104,청주서원초,세광중,세광고,한국,,2004,한화
한화,송창현,투수,4600,1989-08-17,1989,181,100,대해초,매송중,야탑고,한국,제주국제대-롯데,2013,롯데
LG,신동훈,투수,2500,1994-01-24,1994,183,80,수유초(구리리틀),신일중,서울고,한국,,2012,LG
넥센,신명수,투수,2400,1994-07-16,1994,180,95,삼신초,울산제일중,울산공고,한국,,,
LG,신승현,투수,6500,1983-08-13,1983,193,102,금평초,전주동중,전주고,한국,(전남과학대)-SK-KIA,,
삼성,신용운,투수,9000,1983-09-08,1983,180,72,진북초,전주동중,전주고,한국,KIA-경찰-KIA,2002,KIA
SK,신윤호,투수,4000,1975-05-15,1975,184,100,청구초,충암중,충암고,한국,LG,,
LG,신재웅,투수,8000,1982-03-28,1982,181,85,사파초,신월중,마산고,한국,동의대,2005,LG
LG,신정락,투수,10000,1987-05-13,1987,177,78,천안남산초,천안북중,북일고,한국,고려대,2010,LG
KIA,신창호,투수,3700,1987-03-18,1987,180,93,남정초,중앙중,경동고,한국,LG,2006,LG
롯데,심규범,투수,2400,1991-09-04,1991,180,84,창도초,청원중,청원고,한국,경희대,2014,롯데
KIA,심동섭,투수,5000,1991-09-20,1991,185,85,광주화정초,충장중,광주제일고,한국,,2010,KIA
롯데,심수창,투수,5500,1981-02-09,1981,185,85,고명초,이수중,배명고,한국,한양대-LG-넥센,2004,LG
삼성,심창민,투수,11000,1993-02-01,1993,185,86,동삼초,경남중,경남고,한국,(대구사이버대),2011,삼성
삼성,안규현,투수,2400,1995-11-30,1995,184,79,갈산초,양천중,덕수고,한국,,2014,삼성
한화,안승민,투수,7000,1991-06-21,1991,182,95,공주초,공주중,공주고,한국,,2010,한화
한화,안영명,투수,11500,1984-11-19,1984,183,90,남산초,천안북중,북일고,한국,(대전대)-한화-KIA,,
삼성,안지만,투수,41000,1983-10-01,1983,180,83,칠성초,경운중,대구상고,한국,(방송통신대),2002,삼성
한화,앨버스,투수,7.00E+05,1985-10-06,1985,185,88,,,,캐나다,,,
KIA,양현종,투수,12000,1988-03-01,1988,183,85,학강초,동성중,동성고,한국,,2007,KIA
KIA,어센시오,투수,250000,1983-05-30,1983,189,82,,,,도미니카,,,
SK,엄정욱,투수,7000,1981-06-18,1981,191,94,수유초,중앙중,중앙고,한국,,2000,SK
NC,에릭,투수,3.00E+05,1983-03-26,1983,185,104,,,,미국,,,
SK,여건욱,투수,3000,1986-09-16,1986,185,95,광주서림초,광주동성중,광주제일고,한국,고려대-SK-경찰,2009,SK
두산,여정호,투수,2800,1984-05-29,1984,184,87,동일초,부산중,부산상고,한국,동국대,2014,두산
SK,오수호,투수,2400,1990-04-20,1990,175,93,중앙초,대천중,부산고,한국,,,
넥센,오재영,투수,9000,1985-03-31,1985,184,95,청원초,청원중,청원고,한국,현대-상무,2004,현대
두산,오현택,투수,8000,1985-07-17,1985,180,73,이수초,이수중,장충고,한국,원광대-두산-상무,2009,두산
롯데,옥스프링,투수,250000,1977-05-13,1977,183,90,,,,호주,,,
LG,우규민,투수,18000,1985-01-21,1985,184,75,성동초,휘문중,휘문고,한국,LG-경찰,2003,LG
SK,울프,투수,250000,1982-10-18,1982,182,82,,,,미국,,,
두산,원용묵,투수,2700,1986-06-25,1986,187,96,강남초,성남중,청원고,한국,(대불대)-두산-상무,2006,두산
NC,원종현,투수,2400,1987-07-31,1987,182,83,군산중앙초,군산중,군산상고,한국,LG-경찰-LG,2006,LG
NC,웨버,투수,250000,1984-09-28,1984,189,93,,,,미국,,,
KIA,유동훈,투수,17500,1977-02-12,1977,183,87,청구초,홍은중,장충고,한국,성균관대-해태,1999,해태
롯데,유먼,투수,360000,1979-10-11,1979,195,100,,,,미국,,,
SK,유영하,투수,2400,1993-10-10,1993,180,85,정지초(안산리틀),안산중앙중,충훈고,한국,,2014,SK
LG,유원상,투수,7500,1986-06-17,1986,187,93,둔촌초,잠신중,북일고,한국,(목원대)-한화,2006,한화
한화,유창식,투수,6400,1992-05-15,1992,186,100,광주화정초,무등중,광주제일고,한국,,2011,한화
두산,유창준,투수,2600,1989-07-25,1989,184,105,양정초,부산중,일본 사쿠신가쿠인고,한국,,2013,두산
두산,유희관,투수,10000,1986-06-01,1986,180,88,방배초,이수중,장충고,한국,중앙대-두산-상무,2009,두산
NC,윤강민,투수,2400,1990-10-08,1990,183,88,우암초,천안북중,북일고,한국,인하대,2013,NC
한화,윤규진,투수,8000,1984-07-28,1984,185,90,신흥초,충남중,대전고,한국,(대전대),,
한화,윤근영,투수,5700,1986-05-07,1986,185,89,대전유천초,한밭중,대전고,한국,,2005,한화
한화,윤기호,투수,2600,1988-07-28,1988,184,83,우암초,청주중,북일고,한국,한화-상무,,
SK,윤길현,투수,14500,1983-09-23,1983,185,86,본리초,대구중,대구고,한국,SK-상무,2002,SK
두산,윤명준,투수,5700,1989-06-18,1989,178,78,광주서석초,광주동성중,광주동성고,한국,고려대,2012,두산
SK,윤석주,투수,2400,1990-04-27,1990,181,72,언북초,언북중,야탑고,한국,SK-상무,,
삼성,윤성환,투수,45000,1981-10-08,1981,183,88,감천초,대신중,부산상고,한국,동의대,2004,삼성
넥센,윤영삼,투수,2500,1992-07-14,1992,181,87,이수초,이수중,장충고,한국,삼성-NC,2011,삼성
LG,윤지웅,투수,3500,1988-03-11,1988,180,75,대연초,부산중,부산공고,한국,동의대-넥센-LG-경찰,,
NC,윤형배,투수,2400,1994-07-15,1994,183,99,온양온천초,온양중,북일고,한국,,,
SK,윤희상,투수,16000,1985-05-17,1985,193,88,구리초(구리리틀),인창중,선린인터넷고,한국,,2004,SK
KIA,이대환,투수,4000,1979-05-28,1979,186,93,춘천초,춘천중,춘천고,한국,동국대-현대-상무-우리-히어로즈-넥센-LG,2002,현대
한화,이동걸,투수,3000,1983-08-12,1983,185,95,언북초,휘문중,휘문고,한국,동국대-삼성,2007,삼성
LG,이동학,투수,2700,1981-05-06,1981,184,92,회원초,마산동중,마산고,한국,현대-상무-현대-우리-히어로즈-넥센,2000,현대
LG,이동현,투수,17000,1983-01-12,1983,192,98,영일초,영남중,경기고,한국,,2001,LG
롯데,이명우,투수,13000,1982-06-03,1982,185,98,연동초,개성중,부산공고,한국,,2002,롯데
NC,이민호,투수,5800,1993-08-11,1993,185,90,수영초,부산중,부산고,한국,,2012,NC
LG,이범준,투수,3100,1989-07-15,1989,188,88,사당초,이수중,성남서고,한국,(대경대)-LG-상무,,
넥센,이상민,투수,2600,1990-11-04,1990,180,78,남도초(수성리틀),대구중,경북고,한국,동의대-NC,,
SK,이상백,투수,2500,1987-03-10,1987,180,92,사파초,창원신월중,마산고,한국,경성대,,
LG,이상열,투수,15000,1977-04-20,1977,185,73,천안남산초,천안북중,북일고,한국,한화-현대-우리-히어로즈,1996,한화
롯데,이상화,투수,3500,1988-03-01,1988,188,95,양정초,경남중,경남고,한국,,2007,롯데
SK,이석재,투수,2400,1990-01-18,1990,178,75,교동초,원주중,원주고,한국,경남대,2013,SK
NC,이성민,투수,4200,1990-03-30,1990,185,85,남도초,대구중,경북고,한국,영남대,2013,NC
삼성,이수민,투수,2400,1995-09-11,1995,180,94,도산초,구미중,상원고,한국,,2014,삼성
NC,이승호,투수,7000,1976-08-23,1976,189,90,강남초,강남중,선린상고,한국,단국대-LG,1999,LG
SK,이승호,투수,35000,1981-09-09,1981,176,86,군산남초,군산남중,군산상고,한국,SK-롯데,2000,SK
삼성,이영욱,투수,6200,1980-08-13,1980,191,94,칠성초,경운중,대구상고,한국,홍익대-SK,2003,SK
LG,이영재,투수,2400,1992-08-04,1992,183,88,온양온천초,온양중,북일고,한국,LG-경찰,,
두산,이용찬,투수,14500,1989-01-02,1989,185,85,신원초,양천중,장충고,한국,,2007,두산
롯데,이용훈,투수,7000,1977-08-14,1977,183,83,동삼초,경남중,부산공고,한국,경성대-삼성-SK,2000,삼성
삼성,이우선,투수,5000,1983-04-19,1983,179,83,동명초,대헌중,안산공고,한국,성균관대-상무,2007,상무
롯데,이웅한,투수,2400,1988-08-19,1988,185,87,합덕초,천안북중,공주고,한국,롯데-경찰,2007,롯데
롯데,이인복,투수,2400,1991-06-18,1991,186,88,희망대초,성일중,서울고,한국,연세대,2014,롯데
롯데,이재곤,투수,4900,1988-11-24,1988,191,96,사직초,사직중,경남고,한국,롯데-경찰,2007,롯데
SK,이재영,투수,12000,1979-06-13,1979,187,90,방배초,선린중,선린인터넷고,한국,영남대-두산-LG,2002,두산
두산,이재우,투수,12500,1980-02-09,1980,183,82,고명초,건대부중,휘문고,한국,탐라대,2001,두산
NC,이재학,투수,12500,1990-10-04,1990,181,80,옥산초,경복중,대구고,한국,두산,2010,두산
롯데,이정민,투수,3800,1979-03-02,1979,183,83,동삼초,경남중,경남고,한국,동아대-롯데-상무,2002,롯데
두산,이정호,투수,2900,1992-04-11,1992,184,88,수창초,무등중,광주제일고,한국,,2011,두산
넥센,이정훈,투수,10000,1977-10-09,1977,182,95,하단초,경남중,동래고,한국,롯데,1997,롯데
롯데,이지모,투수,2600,1986-10-30,1986,183,88,중앙초(부산동래마린스리틀),대동중,부산고,한국,(영남사이버대),2005,롯데
SK,이창욱,투수,2400,1984-08-28,1984,181,80,군산남초,군산남중,군산상고,한국,고려대,,
LG,이창호,투수,2400,1987-03-09,1987,183,83,부곡초,강남중,덕수고,한국,단국대-상무-NC,2012,NC
한화,이태양,투수,3000,1990-07-03,1990,192,97,여수서초,여수중,효천고,한국,,2010,한화
NC,이태양,투수,4400,1993-01-28,1993,183,82,내덕초,청주중,청주고,한국,넥센,2011,넥센
SK,이한진,투수,3500,1983-12-20,1983,191,95,서림초,대헌중,인천고,한국,건국대,2006,SK
삼성,이현동,투수,2400,1993-03-27,1993,183,83,화정초,충장중,광주제일고,한국,,2012,삼성
두산,이현승,투수,11000,1983-10-11,1983,179,87,서화초,대헌중,동산고,한국,인하대-현대-히어로즈-두산-상무,2008,히어로즈
NC,이혜천,투수,10000,1979-03-12,1979,184,90,대연초,대천중,부산상고,한국,OB-두산,1998,OB
SK,임경완,투수,20000,1975-12-28,1975,186,95,하단초,경남중,경남고,한국,인하대-롯데,1998,롯데
한화,임기영,투수,3000,1993-04-16,1993,184,75,대구수창초,경운중,경북고,한국,,2012,한화
LG,임정우,투수,6500,1991-04-02,1991,183,77,도곡초,영동중,서울고,한국,SK,2011,SK
NC,임정호,투수,2400,1990-04-16,1990,188,85,성동초,잠신중,신일고,한국,성균관대,2013,NC
KIA,임준섭,투수,6000,1989-07-16,1989,181,88,대연초,부산중,개성고,한국,경성대,2013,KIA
KIA,임준혁,투수,4300,1984-10-09,1984,182,96,숭의초,동산중,동산고,한국,KIA-상무,2003,KIA
LG,임지섭,투수,2400,1995-09-06,1995,190,94,포철서초,창원신월중,제주고,한국,,2014,LG
NC,임창민,투수,6200,1985-08-25,1985,183,85,대성초,동성중,동성고,한국,연세대-우리-히어로즈-경찰-넥센,2008,우리
삼성,임창용,투수,50000,1976-06-04,1976,180,75,대성초,진흥중,진흥고,한국,해태,,
두산,임태훈,투수,7500,1988-09-28,1988,182,83,역삼초,이수중,서울고,한국,(방송통신대),2007,두산
삼성,임현준,투수,3300,1988-12-21,1988,185,88,본리초,대구중,대구고,한국,경성대-삼성-상무,,
두산,장민익,투수,2700,1991-02-05,1991,207,99,순천북초,이수중,효천고,한국,,,
넥센,장시환,투수,3100,1987-11-01,1987,184,82,태안초,태안중,북일고,한국,현대-우리-히어로즈-상무,2008,넥센
삼성,장원삼,투수,75000,1983-06-09,1983,181,81,사파초,신월중,용마고,한국,경성대-현대-우리-히어로즈,2006,현대
롯데,장원준,투수,32000,1985-07-31,1985,184,85,수영초,대동중,부산고,한국,(영남사이버대)-롯데-경찰,,
LG,장진용,투수,2400,1986-01-28,1986,187,92,가동초,배명중,배명고,한국,LG-상무,2004,LG
SK,전병두,투수,8000,1984-10-14,1984,181,77,중앙초,부산중,부산고,한국,(대불대)-두산-KIA,2003,두산
두산,전용훈,투수,2400,1995-03-20,1995,182,75,길동초,건대부중,덕수고,한국,,2014,두산
SK,전유수,투수,5000,1986-11-29,1986,185,95,여고초,사직중,경남상고,한국,현대-우리-히어로즈-경찰-넥센,2005,현대
한화,정광운,투수,2400,1991-04-21,1991,184,81,응암초,영남중,성남고,한국,홍익대,2014,한화
롯데,정대현,투수,50000,1978-11-10,1978,184,104,군산중앙초,군산중,군산상고,한국,경희대-SK,2001,SK
두산,정대현,투수,2700,1991-07-19,1991,186,93,서림초,청원중,성남고,한국,,2010,두산
한화,정대훈,투수,3300,1985-03-08,1985,185,83,하단초,경남중,경남상고,한국,동의대-한화-경찰,2008,한화
한화,정민혁,투수,3100,1983-09-14,1983,178,75,대전신흥초,충남중,대전고,한국,연세대,2007,한화
KIA,정용운,투수,2700,1990-07-06,1990,185,84,인헌초,선린중,충암고,한국,,,
한화,정재원,투수,3500,1984-08-11,1984,187,84,광주서림초,충장중,안산공고,한국,,2004,한화
두산,정재훈,투수,35000,1980-01-01,1980,179,81,역삼초,휘문중,휘문고,한국,성균관대,2003,두산
NC,정진,투수,2600,1979-08-06,1979,175,75,여문초,여수중,효천고,한국,동의대,2012,NC
LG,정찬헌,투수,3200,1990-01-26,1990,187,94,송정동초,충장중,광주제일고,한국,,2008,LG
롯데,정태승,투수,2500,1988-03-17,1988,180,83,길동초,춘천중,유신고,한국,성균관대,2012,롯데
LG,정혁진,투수,2400,1994-07-18,1994,189,95,온양온천초,온양중,북일고,한국,두산,2013,두산
LG,정현욱,투수,40000,1978-12-02,1978,187,102,장안초,건대부중,동대문상고,한국,삼성,1996,삼성
넥센,정회찬,투수,2400,1987-02-07,1987,194,105,우암초,청주중,청주기공고,한국,원광대-히어로즈-넥센-경찰,,
SK,제춘모,투수,3000,1982-04-05,1982,190,91,유안초,동성중,동성고,한국,,2002,SK
넥센,조덕길,투수,2400,1989-10-02,1989,185,88,영중초,신일중,신일고,한국,한양대,2013,넥센
넥센,조상우,투수,2800,1994-09-04,1994,186,97,서화초,상인천중,대전고,한국,,2013,넥센
한화,조영우,투수,2400,1995-06-27,1995,185,80,송정초,배재중,제주고,한국,,,
한화,조지훈,투수,2800,1994-04-06,1994,185,91,고명초,언북중,장충고,한국,,2013,한화
삼성,조현근,투수,4000,1985-11-21,1985,184,74,본리초,경복중,상원고,한국,두산-삼성-경찰,2005,두산
SK,진해수,투수,7500,1986-06-26,1986,187,85,동삼초,경남중,부경고,한국,KIA-상무-KIA,,
KIA,차명진,투수,2400,1995-03-03,1995,187,89,순천북초,순천이수중,효천고,한국,,2014,KIA
삼성,차우찬,투수,24000,1987-05-31,1987,185,80,군산초,군산남중,군산상고,한국,(대구사이버대),2006,삼성
NC,찰리,투수,3.00E+05,1985-10-25,1985,190,93,,,,미국,,,
SK,채병용,투수,13500,1982-04-25,1982,185,100,군산초,신월중,신일고,한국,,2001,SK
NC,최금강,투수,4000,1989-04-26,1989,195,95,서흥초,동산중,인천고,한국,인하대,2013,NC
롯데,최대성,투수,7500,1985-05-17,1985,182,80,동삼초,부산중,부산고,한국,,2004,롯데
LG,최동환,투수,2500,1989-09-19,1989,184,83,인헌초,선린중,경동고,한국,,2009,LG
두산,최병욱,투수,2400,1989-06-02,1989,181,88,동천초,경주중,경주고,한국,동국대,2014,두산
KIA,최영필,투수,7000,1974-05-13,1974,184,92,신곡초,수원북중,유신고,한국,경희대-현대-한화-SK,1997,현대
한화,최영환,투수,2400,1992-02-20,1992,181,88,감천초,대동중,개성고,한국,동아대,2014,한화
KIA,최현정,투수,2400,1992-12-03,1992,178,75,유천초,한밭중,대전고,한국,두산,,
두산,최현진,투수,2500,1992-09-24,1992,183,86,지도초(고양리틀),충암중,충암고,한국,두산-상무,,
한화,클레이,투수,250000,1988-02-15,1988,188,82,,,,미국,,,
한화,타투스코,투수,2.00E+05,1985-03-27,1985,196,92,,,,미국,,,
KIA,토마스,투수,160000,1984-01-18,1984,190,99,,,,미국,,,
LG,티포드,투수,4.00E+05,1984-05-15,1984,183,75,,,,미국,,,
넥센,하영민,투수,2400,1995-05-07,1995,180,68,수창초,진흥중,진흥고,한국,,2014,넥센
넥센,하해웅,투수,2400,1989-05-05,1989,172,80,금동초(김해리틀),내동중,김해고,한국,동국대,2013,넥센
KIA,한기주,투수,8000,1987-04-29,1987,186,90,수창초,동성중,동성고,한국,(광주대),,
KIA,한승혁,투수,3200,1993-01-03,1993,185,88,도신초,강남중,덕수고,한국,,2011,KIA
두산,한주성,투수,2400,1995-02-26,1995,184,90,양랑초,자양중,덕수고,한국,,2014,두산
넥센,한현희,투수,12500,1993-06-25,1993,182,95,동삼초,정남중,경남고,한국,,,
LG,한희,투수,3200,1989-11-11,1989,182,86,중앙초,군산남중,군산상고,한국,,2009,LG
두산,함덕주,투수,2500,1995-01-13,1995,181,78,일산초,원주중,원주고,한국,,2013,두산
SK,허건엽,투수,2800,1993-07-24,1993,178,88,도산초,포철중,포철고,한국,,2012,SK
한화,허유강,투수,3100,1986-11-16,1986,180,82,둔촌초,잠신중,경기고,한국,성균관대-한화-경찰,,
두산,허준혁,투수,3500,1985-12-15,1985,180,87,김해삼성초,김해내동중,용마고,한국,,2004,롯데
롯데,허준혁,투수,4700,1990-09-30,1990,183,82,백마초,홍은중,휘문고,한국,(영남사이버대)-롯데-SK,2009,롯데
KIA,홀튼,투수,250000,1979-08-12,1979,193,107,,,,미국,,,
두산,홍상삼,투수,16000,1990-02-13,1990,188,85,영일초,충암중,충암고,한국,,2008,두산
롯데,홍성민,투수,6000,1989-07-15,1989,189,73,노암초,경포중,강릉고,한국,한양대-KIA,2012,KIA
NC,홍성용,투수,2400,1986-11-18,1986,180,85,온양온천초,온양중,북일고,한국,,,
한화,황영국,투수,2400,1995-12-26,1995,185,83,우암초,청주중,청주고,한국,,2014,한화
한화,황재규,투수,3500,1986-04-16,1986,175,85,수유초,청원중,청원고,한국,성균관대,2009,한화
두산,김영은,투수,2400,1988-09-27,1988,188,92,청구초,성남중,경동고,한국,한양대,,
두산,정은재,투수,2400,1991-12-31,1991,192,92,화곡초,덕수중,선린인터넷고,한국,,,
두산,천영웅,투수,2400,1994-03-23,1994,178,76,서흥초,신흥중,인천고,한국,,2013,두산
롯데,강민호,포수,1.00E+05,1985-08-18,1985,186,100,제주신광초,포철중,포철공고,한국,(국제디지털대),2004,롯데
한화,김민수,포수,2400,1991-03-02,1991,177,80,옥산초,경복중,상원고,한국,영남대,2014,한화
롯데,김사훈,포수,2900,1987-06-18,1987,174,86,감천초,대신중,부산고,한국,한민대,2012,롯데
KIA,김상훈,포수,9000,1977-10-27,1977,180,92,광주중앙초,충장중,광주제일고,한국,고려대-해태,2000,해태
두산,김응민,포수,2400,1991-10-22,1991,178,90,이수초,건대부중,중앙고,한국,,2012,두산
LG,김재민,포수,3000,1991-01-28,1991,177,84,연천초(부산마린스리틀),사직중,경남고,한국,동아대,2013,LG
넥센,김재현,포수,2400,1993-03-18,1993,178,80,진북초,전라중,대전고,한국,,2012,넥센
두산,김재환,포수,2700,1988-09-22,1988,183,90,영랑초,상인천중,인천고,한국,두산-상무,2008,두산
SK,김정훈,포수,2400,1987-05-23,1987,182,93,수유초,신일중,신일고,한국,경희대,2010,SK
롯데,김준태,포수,2500,1994-07-31,1994,175,91,양정초,개성중,경남고,한국,(영남사이버대),2013,롯데
NC,김태군,포수,8000,1989-12-30,1989,182,92,양정초,대동중,부산고,한국,(방송통신대)-LG,2008,LG
NC,김태우,포수,2500,1989-07-23,1989,180,80,이수초,성남중,성남고,한국,단국대,2012,NC
삼성,김희석,포수,2400,1990-02-25,1990,179,75,창영초(부평 싱싱),재능중,제물포고,한국,성균관대,2014,삼성
NC,박광열,포수,2400,1995-08-28,1995,182,74,도곡초,이수중,휘문고,한국,,2014,NC
한화,박노민,포수,3500,1985-08-18,1985,182,93,공주중동초,공주중,공주고,한국,한화-(대전대)-상무,2004,한화
넥센,박동원,포수,3400,1990-04-07,1990,179,92,양정초,개성중,개성고,한국,히어로즈-넥센-상무,2009,히어로즈
KIA,백용환,포수,2900,1989-03-20,1989,180,84,서울영중초,양천중,장충고,한국,KIA-경찰,2008,KIA
두산,양의지,포수,20000,1987-06-05,1987,179,85,송정동초,무등중,진흥고,한국,두산-경찰,2006,두산
한화,엄태용,포수,3500,1994-02-24,1994,183,85,공주중동초,공주중,북일고,한국,,2012,한화
롯데,용덕한,포수,6500,1981-04-09,1981,176,82,대구중앙초,대구중,대구상고,한국,동아대-두산-상무-두산,2004,두산
두산,윤도경,포수,2500,1989-07-02,1989,182,85,수창초,동성중,동성고,한국,두산-경찰,,
LG,윤요섭,포수,10000,1982-03-30,1982,180,96,남산초,덕수중,충암고,한국,단국대-SK,2008,SK
KIA,이성우,포수,3700,1981-09-01,1981,180,83,백운초,청원중,성남서고,한국,상무-SK,2003,상무
NC,이승재,포수,2400,1983-06-09,1983,182,88,양덕초,마산중,마산고,한국,경희대-롯데,,
넥센,이용하,포수,2400,1995-05-03,1995,185,90,인헌초,이수중,성남고,한국,,2014,넥센
SK,이윤재,포수,2500,1989-01-02,1989,179,89,흥무초,경주중,경주고,한국,경남대,2014,SK
SK,이재원,포수,7500,1988-02-24,1988,185,98,숭의초,상인천중,인천고,한국,SK-상무,2006,SK
삼성,이정식,포수,5500,1981-11-02,1981,183,90,중대초,자양중,장충고,한국,경성대-삼성-상무,2004,삼성
한화,이준수,포수,3800,1988-06-17,1988,176,80,서울백운초,신일중,신일고,한국,,2012,한화
삼성,이지영,포수,9000,1986-02-27,1986,178,83,서화초,신흥중,제물포고,한국,경성대-삼성-상무,2009,삼성
NC,이태원,포수,3200,1986-03-17,1986,177,78,충암초,충암중,충암고,한국,동국대-LG-상무,2010,LG
넥센,이해창,포수,2400,1987-05-11,1987,184,85,강남초,이수중,경기고,한국,한양대,2010,넥센
KIA,이홍구,포수,3000,1990-12-11,1990,180,95,장안초,건대부중,장충고,한국,단국대,2013,KIA
삼성,이흥련,포수,2500,1989-05-16,1989,183,85,상탑초,매송중,야탑고,한국,홍익대,,
한화,이희근,포수,4500,1985-06-07,1985,179,83,동명초,자양중,중앙고,한국,성균관대-한화-상무,,
넥센,임태준,포수,2400,1988-04-23,1988,177,86,수창초,진흥중,전주고,한국,현대,2007,현대
롯데,장성우,포수,5500,1990-01-17,1990,187,100,감천초,경남중,경남고,한국,(영남사이버대)-롯데-경찰,,
두산,장승현,포수,2400,1994-03-07,1994,184,86,서림초,동산중,제물포고,한국,,2013,두산
한화,정범모,포수,5300,1987-03-26,1987,184,94,내덕초,청주중,청주기공고,한국,(영남사이버대),2006,한화
SK,정상호,포수,15500,1982-12-24,1982,187,98,석천초,동인천중,동산고,한국,SK-상무,2001,SK
LG,조윤준,포수,3500,1989-08-30,1989,185,95,신흥초,한밭중,북일고,한국,중앙대,2012,LG
한화,조인성,포수,40000,1975-05-25,1975,183,99,수유초,신일중,신일고,한국,연세대-LG-SK,1998,LG
삼성,진갑용,포수,25000,1974-05-08,1974,182,90,하단초,초량중,부산고,한국,고려대-두산,1997,OB
KIA,차일목,포수,8000,1981-01-26,1981,176,81,본리초,경운중,대구상고,한국,홍익대,2003,KIA
삼성,채상병,포수,4500,1979-12-18,1979,184,95,효제초,홍은중,휘문고,한국,연세대-한화-두산,2002,한화
LG,최경철,포수,5000,1980-08-15,1980,180,86,효자초,전주동중,전주고,한국,동의대-SK-상무-SK-넥센,,
두산,최재훈,포수,5000,1989-08-27,1989,178,76,화곡초,덕수중,덕수고,한국,(방송통신대)-두산-경찰,2008,두산
넥센,허도환,포수,8700,1984-07-31,1984,176,87,서울학동초,이수중,서울고,한국,단국대-두산,2007,두산
SK,허웅,포수,3000,1983-09-17,1983,177,84,부산연천초,사직중,부산고,한국,,2002,현대
NC,허준,포수,4000,1981-07-20,1981,182,97,미양초,청량중,덕수정보고,한국,연세대-현대-우리-히어로즈-넥센,2005,현대
LG,현재윤,포수,7800,1979-07-08,1979,174,80,수유초,신일중,신일고,한국,성균관대-삼성,2002,삼성
KIA,오두철,포수,2400,1985-04-25,1985,178,78,제주남초,제주제일중,일본 교토국제고,한국,일본 오사카판남대,,
NC,정성민,포수,2400,1991-03-29,1991,180,85,효제초,홍은중,장충고,한국,경희대,,
한화,강경학,내야수,2400,1992-08-11,1992,180,72,대성초,동성중,동성고,한국,,,
삼성,강명구,내야수,6000,1980-10-25,1980,181,70,중앙초,진흥중,진흥고,한국,탐라대-삼성-상무,2003,삼성
NC,강민국,내야수,2400,1992-01-10,1992,176,80,송정동초,충장중,광주제일고,한국,동국대,2014,NC
넥센,강정호,내야수,42000,1987-04-05,1987,183,96,화정초,무등중,광주제일고,한국,(남부대)-현대,2006,현대
KIA,강한울,내야수,2400,1991-09-12,1991,181,66,사당초,중앙중,안산공고,한국,원광대,2014,KIA
두산,고영민,내야수,7500,1984-02-08,1984,182,73,도신초,영남중,성남고,한국,,2002,두산
KIA,고영우,내야수,2800,1990-01-08,1990,183,80,대성초,동성중,동성고,한국,성균관대,2013,KIA
LG,권용관,내야수,8000,1976-11-19,1976,180,80,봉천초,강남중,성남고,한국,LG-SK,1995,LG
두산,김강,내야수,3000,1988-10-16,1988,188,92,화정초,무등중,광주제일고,한국,한화-두산-상무,,
삼성,김경모,내야수,2700,1989-06-15,1989,177,72,응암초,홍은중,장충고,한국,삼성-상무,2008,삼성
KIA,김광연,내야수,2600,1991-11-13,1991,182,73,군산중앙초,전라중,전주고,한국,송원대,2013,KIA
두산,김동주,내야수,60000,1976-02-03,1976,180,102,중대초,배명중,배명고,한국,고려대-OB,1998,OB
넥센,김민성,내야수,18000,1988-12-17,1988,181,94,고명초,잠신중,덕수정보고,한국,(영남사이버대)-롯데,2007,롯데
KIA,김민우,내야수,8300,1979-03-21,1979,184,84,관산초,중앙중,부천고,한국,한양대-현대-우리-히어로즈-넥센,2002,현대
삼성,김상수,내야수,24000,1990-03-23,1990,175,68,옥산초,경복중,경북고,한국,(대구사이버대),2009,삼성
KIA,김선빈,내야수,13000,1989-12-18,1989,165,70,화순초,화순중,화순고,한국,,2008,KIA
SK,김성현,내야수,7000,1987-03-09,1987,172,70,송정동초,충장중,광주제일고,한국,SK-상무,2006,SK
SK,김연훈,내야수,6000,1984-12-23,1984,180,72,군산초,군산남중,군산상고,한국,성균관대-KIA,2008,SK
LG,김연훈,내야수,6000,1984-12-23,1984,180,72,군산초,군산남중,군산상고,한국,성균관대-KIA,2008,SK
LG,김영관,내야수,2700,1985-07-20,1985,178,80,봉천초,강남중,선린인터넷고,한국,한양대,2012,LG
삼성,김용의,내야수,10000,1985-08-20,1985,187,74,사당초,선린중,선린인터넷고,한국,고려대-두산,2008,두산
두산,김재현,내야수,2400,1991-08-30,1991,176,73,홍파초(도봉리틀),건대부중,배명고,한국,한양대,,
삼성,김재호,내야수,11700,1985-03-21,1985,181,75,남정초,중앙중,중앙고,한국,두산-상무,2004,두산
롯데,김주현,내야수,2000,1988-04-16,1988,182,85,신원초,양천중,덕수정보고,한국,(영남사이버대)-KIA,2010,롯데
KIA,김주형,내야수,6100,1985-12-15,1985,186,100,학강초,동성중,동성고,한국,KIA-상무,2004,KIA
넥센,김지수,내야수,3500,1986-08-23,1986,180,81,서일초(서초리틀),경원중,중앙고,한국,동국대-히어로즈-넥센-경찰,2009,히어로즈
한화,김태균,내야수,150000,1982-05-29,1982,185,110,천안남산초,천안북중,북일고,한국,(대전대),2001,한화
삼성,김태완,내야수,10000,1981-09-19,1981,174,81,영도초,경남중,경남고,한국,중앙대-LG-경찰-LG,2004,LG
NC,김태진,내야수,2400,1995-10-07,1995,173,68,수유초,신일중,신일고,한국,,2014,NC
넥센,김하성,내야수,2400,1995-10-17,1995,175,76,부천북초,부천중,야탑고,한국,,2014,넥센
한화,김회성,내야수,3400,1985-12-04,1985,190,92,신흥초,한밭중,세광고,한국,경성대-한화-경찰,,
삼성,나바로,내야수,250000,1987-10-31,1987,183,93,,,,도미니카,,,
SK,나주환,내야수,20000,1984-06-14,1984,180,84,성동초(월드리틀),휘문중,북일고,한국,두산,2003,두산
NC,노진혁,내야수,4800,1989-07-15,1989,184,80,대성초,동성중,동성고,한국,성균관대,2012,NC
한화,노태형,내야수,2400,1995-02-08,1995,182,74,남산초,천안북중,북일고,한국,,2014,한화
삼성,모상기,내야수,3000,1987-01-03,1987,193,100,화계초,신일중,신일고,한국,삼성-상무,2006,삼성
NC,모창민,내야수,8600,1985-05-08,1985,188,89,화정초,충장중,광주제일고,한국,성균관대-SK-상무-SK,2008,SK
롯데,문규현,내야수,6800,1983-07-05,1983,184,87,군산초,군산남중,군산상고,한국,롯데-상무,2002,롯데
두산,문진제,내야수,2400,1991-08-01,1991,183,79,서림초,동성중,동성고,한국,원광대,2014,두산
LG,박경수,내야수,9000,1984-03-31,1984,178,80,미성초,성남중,성남고,한국,(방송통신대),,
삼성,박계범,내야수,2400,1996-01-11,1996,178,72,순천북초,이수중,효천고,한국,,2014,삼성
SK,박계현,내야수,2900,1992-03-08,1992,181,77,광주대성초,전라중,군산상고,한국,,2014,SK
KIA,박기남,내야수,9000,1981-08-14,1981,175,80,길동초,건대부중,배재고,한국,단국대-LG-상무-LG,2004,LG
롯데,박기혁,내야수,7000,1981-06-04,1981,179,77,대구수창초,성광중,대구상고,한국,,2000,롯데
NC,박민우,내야수,2600,1993-02-06,1993,185,80,마포초(용산리틀),선린중,휘문고,한국,,2012,NC
넥센,박병호,내야수,50000,1986-07-10,1986,185,107,영일초(광명리틀),영남중,성남고,한국,LG-상무-LG,2005,LG
SK,박상현,내야수,2400,1989-11-22,1989,177,81,대성초,진흥중,진흥고,한국,,,
삼성,박석민,내야수,37000,1985-06-22,1985,178,88,율하초,경복중,대구고,한국,(대구사이버대)-삼성-상무,2004,삼성
SK,박승욱,내야수,2700,1992-12-04,1992,184,78,칠성초,경복중,상원고,한국,,2012,SK
SK,박윤,내야수,3500,1988-03-07,1988,181,90,동막초,상인천중,인천고,한국,SK-상무,2007,SK
SK,박정권,내야수,23500,1981-07-21,1981,187,93,효자초,전주동중,전주고,한국,동국대-SK-상무,2004,SK
롯데,박종윤,내야수,12000,1982-04-11,1982,188,92,구영초,제일중,포철공고,한국,롯데-상무,2001,롯데
롯데,박준서,내야수,6800,1981-12-11,1981,180,80,효덕초,동성중,동성고,한국,(대불대)-SK,2001,SK
SK,박진만,내야수,20000,1976-11-30,1976,178,82,서화초,상인천중,인천고,한국,(경기대)-현대-삼성,1996,현대
KIA,박찬호,내야수,2400,1995-06-05,1995,178,71,신답초,건대부중,장충고,한국,,2014,KIA
삼성,백상원,내야수,2600,1988-01-02,1988,177,76,남도초,경상중,경북고,한국,단국대-삼성-상무,2010,삼성
넥센,백승룡,내야수,3500,1982-08-16,1982,180,83,사직초(부산극동리틀),사직중,경남상고,한국,경성대-한화,2005,한화
LG,백창수,내야수,2800,1988-05-09,1988,179,79,고명초,덕수중,경기고,한국,(영남사이버대)-LG-경찰,,
넥센,서건창,내야수,9300,1989-08-22,1989,176,84,송정초,충장중,광주제일고,한국,LG,2008,LG
넥센,서동욱,내야수,9000,1984-03-21,1984,188,99,서울학동초,휘문중,경기고,한국,(전남과학대)-KIA-상무-LG,2008,LG
NC,손시헌,내야수,40000,1980-10-19,1980,172,73,화곡초,선린중,선린인터넷고,한국,동의대-두산-상무-두산,2003,두산
롯데,손용석,내야수,2700,1987-04-13,1987,175,84,사직초(부산동래마린스리틀),부산중,부산고,한국,,2006,롯데
LG,손주인,내야수,15000,1983-12-01,1983,179,82,서석초,진흥중,진흥고,한국,삼성-경찰-삼성,2002,삼성
한화,송광민,내야수,7000,1983-06-24,1983,184,90,신흥초,충남중,공주고,한국,동국대,,
롯데,신본기,내야수,5000,1989-03-21,1989,178,82,감천초,경남중,경남고,한국,동아대,2012,롯데
SK,신현철,내야수,2600,1987-11-02,1987,179,84,대일초,평촌중,유신고,한국,현대-우리-히어로즈-넥센,2006,현대
SK,안정광,내야수,2600,1989-11-29,1989,184,82,상인천초,동산중,제물포고,한국,제주산업대,2010,SK
KIA,안치홍,내야수,15000,1990-07-02,1990,178,80,구지초(구리리틀),대치중,서울고,한국,,2009,KIA
넥센,안태영,내야수,3000,1985-03-15,1985,186,93,봉천초,강남중,선린인터넷고,한국,삼성,2004,삼성
LG,양석환,내야수,2400,1991-07-15,1991,185,90,백운초,신일중,신일고,한국,동국대,2014,LG
두산,양종민,내야수,2900,1990-10-09,1990,181,81,사당초,강남중,덕수고,한국,(영남사이버대)-롯데,2009,롯데
롯데,오승택,내야수,2500,1991-11-18,1991,186,85,쌍문초,신월중,청원고,한국,롯데-경찰,,
두산,오장훈,내야수,2700,1984-05-19,1984,186,100,영일초,영남중,성남고,한국,홍익대-롯데,2009,롯데
두산,오재원,내야수,17000,1985-02-09,1985,185,75,학동초,경원중,야탑고,한국,경희대,2007,두산
두산,오재일,내야수,7300,1986-10-29,1986,187,95,인창초(구리리틀),인창중,야탑고,한국,현대-상무-히어로즈-넥센,2005,현대
LG,오지환,내야수,15000,1990-03-12,1990,186,80,군산초,자양중,경기고,한국,,2009,LG
SK,유서준,내야수,2400,1995-12-04,1995,178,75,사우초(김포리틀),양천중,성남고,한국,,2014,SK
NC,유영준,내야수,2400,1994-07-13,1994,183,79,이수초,홍은중,덕수고,한국,,2013,NC
넥센,유재신,내야수,4200,1987-11-21,1987,179,70,사직초(부산동래마린스리틀),사직중,북일고,한국,현대-우리-히어로즈-경찰,2006,현대
NC,윤대영,내야수,2400,1994-01-31,1994,186,97,서림초,무등중,진흥고,한국,,2013,NC
넥센,윤석민,내야수,7700,1985-09-04,1985,180,88,구리초(구리리틀),구리인창중,구리인창고,한국,두산,2004,두산
KIA,윤완주,내야수,3500,1989-02-25,1989,178,77,대연초,부산중,개성고,한국,경성대,2012,KIA
SK,이대수,내야수,35000,1981-08-21,1981,175,76,군산중앙초,군산중,군산상고,한국,SK-두산-한화,2002,SK
NC,이명환,내야수,2400,1985-04-26,1985,188,94,율하초,성광중,대구고,한국,한양대,2012,NC
KIA,이범호,내야수,45000,1981-11-25,1981,183,93,대구수창초,경운중,대구고,한국,한화,2000,한화
NC,이상호,내야수,4000,1989-02-05,1989,180,82,옥산초,경운중,상원고,한국,영동대-롯데-SK,2013,NC
두산,이성곤,내야수,2400,1992-03-25,1992,186,93,성동초,잠실중,경기고,한국,연세대,2014,두산
삼성,이승엽,내야수,80000,1976-08-18,1976,183,87,중앙초,경상중,경북고,한국,,1995,삼성
롯데,이여상,내야수,5000,1984-02-01,1984,183,83,감천초,대동중,부산공고,한국,동국대-삼성-한화,2007,삼성
두산,이원석,내야수,15000,1986-10-21,1986,182,82,학강초,동성중,동성고,한국,(세민디지털대)-롯데,2005,롯데
NC,이창섭,내야수,2400,1987-03-10,1987,182,77,사파초,신월중,용마고,한국,경성대-넥센-상무-넥센,,
한화,이창열,내야수,2400,1991-09-06,1991,175,70,수유초,신일중,신일고,한국,건국대,2014,한화
롯데,이창진,내야수,2400,1991-03-04,1991,175,80,신도초,동인천중,인천고,한국,건국대,2014,롯데
한화,이학준,내야수,4300,1985-02-25,1985,182,84,고명초,건대부중,휘문고,한국,(방송통신대)-LG-경찰-LG,2004,LG
NC,이현곤,내야수,15000,1980-02-21,1980,183,83,송정동초,무등중,광주제일고,한국,연세대-KIA,2002,KIA
NC,이호준,내야수,45000,1976-02-08,1976,187,95,중앙초,충장중,광주제일고,한국,(호남대)-해태-SK,1994,해태
넥센,임동휘,내야수,2400,1995-08-22,1995,180,90,신흥초,건대부중,덕수고,한국,,2014,넥센
넥센,임병욱,내야수,2400,1995-09-30,1995,185,84,신곡초,배명중,덕수고,한국,,2014,넥센
한화,임익준,내야수,3800,1988-03-15,1988,180,83,화정초,충장중,동성고,한국,삼성-상무-삼성,,
롯데,임종혁,내야수,2500,1990-04-07,1990,177,75,중대초,배명중,배명고,한국,동국대,2013,롯데
롯데,장성호,내야수,14000,1977-10-18,1977,183,92,충암초,충암중,충암고,한국,해태-KIA-한화,1996,해태
넥센,장시윤,내야수,2400,1993-09-23,1993,183,75,서화초,동인천중,인천고,한국,,2014,넥센
LG,장준원,내야수,2400,1995-11-21,1995,183,77,경운초(김해리틀),개성중,경남고,한국,,2014,LG
한화,전현태,내야수,3700,1986-07-09,1986,184,87,서울이수초,대치중,부산고,한국,한화-경찰,2005,한화
한화,정근우,내야수,70000,1982-10-02,1982,172,80,성북초(부산동래마린스리틀),부산동성중,부산고,한국,고려대-SK,2005,SK
넥센,정범수,내야수,2400,1992-08-08,1992,178,79,미성초,성남중,성남고,한국,넥센-경찰,,
삼성,정병곤,내야수,4000,1988-03-23,1988,176,72,내당초(삼성리틀),경북중,경북고,한국,단국대-(계명대)-LG,2011,LG
LG,정성훈,내야수,50000,1980-06-27,1980,182,83,송정초,무등중,광주제일고,한국,해태-KIA-현대-우리,1999,해태
삼성,정현,내야수,2800,1994-06-01,1994,181,80,수영초,대천중,부산고,한국,(대구사이버대),2013,삼성
롯데,정훈,내야수,8000,1987-07-18,1987,181,84,양덕초,마산동중,용마고,한국,,2010,롯데
삼성,조동찬,내야수,22000,1983-07-27,1983,180,80,중동초,공주중,공주고,한국,(대불대),2002,삼성
SK,조성우,내야수,3500,1988-02-08,1988,188,91,평원초,원주중,원주고,한국,한민대,2010,SK
롯데,조성환,내야수,20000,1976-12-23,1976,180,83,백운초,충암중,충암고,한국,원광대,1999,롯데
LG,조쉬벨,내야수,250000,1986-11-13,1986,190,104,,,,미국,,,
NC,조영훈,내야수,10500,1982-11-12,1982,185,90,영랑초,설악중,속초상고,한국,건국대-삼성-경찰-삼성-KIA,2005,삼성
한화,조정원,내야수,2700,1990-08-10,1990,176,76,금평초,장성중,야탑고,한국,건국대,2013,한화
NC,조평호,내야수,3600,1985-08-07,1985,188,84,덕성초(안산리틀),안산중앙중,부천고,한국,현대-우리-넥센,2004,현대
NC,지석훈,내야수,6000,1984-03-17,1984,181,74,가동초,휘문중,휘문고,한국,현대-우리-상무-넥센,2008,넥센
삼성,차화준,내야수,2800,1986-03-20,1986,180,82,동천초,경주중,경주고,한국,현대-우리-넥센-NC,2005,현대
LG,채은성,내야수,2400,1990-02-06,1990,186,92,순천북초,순천이수중,효천고,한국,,2014,LG
삼성,채태인,내야수,21000,1982-10-11,1982,187,94,대신초,대동중,부산상고,한국,,2003,보스턴
LG,최승준,내야수,2700,1988-01-11,1988,188,88,서림초,동산중,동산고,한국,,2006,LG
두산,최영진,내야수,3500,1988-05-10,1988,185,87,영랑초,설악중,속초상고,한국,한일장신대-LG,2012,LG
SK,최정,내야수,70000,1987-02-28,1987,180,84,대일초,평촌중,유신고,한국,,2005,SK
두산,최주환,내야수,5800,1988-02-28,1988,178,73,학강초,동성중,동성고,한국,두산-상무,2006,두산
롯데,최준석,내야수,40000,1983-02-15,1983,187,130,칠성초,포철중,포철공고,한국,(영남사이버대)-롯데,2001,롯데
두산,최형록,내야수,2400,1989-08-23,1989,180,98,군산초,군산중,군상상고,한국,,2007,미네소타
KIA,최희섭,내야수,10000,1979-03-16,1979,196,99,송정동초,충장중,광주제일고,한국,고려대,2002,시카고컵스
두산,칸투,내야수,250000,1982-01-30,1982,192,92,,,,미국,,,
NC,테임즈,내야수,250000,1986-11-10,1986,183,95,,,,미국,,,
KIA,필,내야수,250000,1984-09-09,1984,193,102,,,,미국,,,
한화,한상훈,내야수,20000,1980-06-03,1980,176,78,화곡초,신일중,신일고,한국,경희대,2003,한화
두산,허경민,내야수,8000,1990-08-26,1990,176,69,송정동초,충장중,광주제일고,한국,두산-경찰,2009,두산
SK,홍명찬,내야수,2600,1987-01-19,1987,187,90,응암초,홍은중,한서고,한국,,2006,SK
넥센,홍성갑,내야수,2400,1992-08-02,1992,181,80,서원초,천안북중,북일고,한국,,,
두산,홍성흔,내야수,40000,1977-02-28,1977,180,96,공릉초(강북리틀),중앙중,중앙고,한국,경희대-두산-롯데,1999,두산
NC,홍지운,내야수,2400,1991-11-30,1991,183,84,응암초,홍은중,중앙고,한국,경남대,2014,NC
LG,황목치승,내야수,2400,1985-06-21,1985,173,68,제주남초,제주제일중,일본 교토국제고,한국,일본 아세아대,,
롯데,황재균,내야수,19000,1987-07-28,1987,183,90,사당초,이수중,경기고,한국,(영남사이버대)-현대-우리-히어로즈-넥센,2006,현대
KIA,황정립,내야수,3200,1989-12-14,1989,182,85,학동초,경원중,배명고,한국,고려대,,
롯데,황진수,내야수,2500,1989-02-15,1989,180,79,석천초,대헌중,공주고,한국,,,
롯데,히메네스,내야수,250000,1982-05-07,1982,192,127,,,,Unknown,,,
삼성,강봉규,외야수,10000,1978-01-12,1978,183,88,부산부전초,개성중,경남고,한국,고려대-두산,2000,두산
넥센,강지광,외야수,2400,1990-10-23,1990,181,100,진북초,상인천중,인천고,한국,LG,,
롯데,고도현,외야수,2400,1990-10-13,1990,182,97,내당초,경운중,대구고,한국,동의대,2013,롯데
한화,고동진,외야수,10000,1980-04-01,1980,183,85,대전중리초,한밭중,대전고,한국,성균관대,2004,한화
넥센,고종욱,외야수,2900,1989-01-11,1989,184,83,역삼초,대치중,경기고,한국,한양대-넥센-상무,,
두산,국해성,외야수,2500,1989-10-08,1989,180,94,군산중앙초,동인천중,인천고,한국,,2009,두산
NC,권희동,외야수,5100,1990-12-30,1990,177,85,동천초,경주중,경주고,한국,경남대,2013,NC
SK,김강민,외야수,30000,1982-09-13,1982,182,85,본리초,대구중,경북고,한국,,2001,SK
한화,김경언,외야수,5800,1982-12-07,1982,188,84,부산중앙초,개성중,경남상고,한국,KIA,2001,KIA
두산,김경호,외야수,2400,1995-07-31,1995,180,68,희망대초,매송중,야탑고,한국,,2014,두산
넥센,김남형,외야수,2500,1988-05-08,1988,177,77,동막초,동인천중,인천고,한국,현대,2007,현대
KIA,김다원,외야수,2800,1985-09-17,1985,185,88,학강초,동성중,동성고,한국,성균관대-한화-KIA-경찰,,
롯데,김대우,외야수,3500,1984-07-26,1984,190,94,광주대성초,무등중,광주제일고,한국,상무,2005,상무
SK,김도현,외야수,2800,1992-10-23,1992,182,95,서석초,동성중,진흥고,한국,넥센,2011,넥센
롯데,김문호,외야수,4000,1987-06-22,1987,184,90,신제주초,덕수중,덕수정보고,한국,(영남사이버대)-롯데-상무,2006,롯데
넥센,김민준,외야수,2400,1994-02-12,1994,174,73,군산남초,온양중,북일고,한국,,2013,넥센
롯데,김민하,외야수,2600,1989-02-25,1989,183,82,승학초,부산대신중,경남고,한국,중앙대-롯데-상무,,
SK,김상현,외야수,16000,1980-11-12,1980,190,95,군산초,군산남중,군산상고,한국,(대불대)-해태-KIA-LG-상무-LG-KIA,2001,KIA
NC,김성욱,외야수,2500,1993-05-01,1993,181,83,서림초,충장중,진흥고,한국,,2012,NC
KIA,김원섭,외야수,25000,1978-12-18,1978,180,75,장안초,배명중,배명고,한국,단국대-두산,2001,두산
SK,김재현,외야수,4000,1987-11-07,1987,174,70,방배초,경원중,원주고,한국,,2006,SK
NC,김종호,외야수,9000,1984-05-31,1984,183,82,성수초,청량중,배재고,한국,건국대-삼성-상무-삼성,2007,삼성
KIA,김주찬,외야수,50000,1981-03-25,1981,183,85,충암초(장충리틀),충암중,충암고,한국,삼성-롯데,2000,삼성
NC,김준완,외야수,2400,1991-01-20,1991,174,73,길동초,건국사대부중,장충고,한국,고려대,2013,NC
두산,김진형,외야수,2500,1990-06-07,1990,179,83,신봉초,선린중,선린인터넷고,한국,두산-상무,,
한화,김태완,외야수,10000,1984-01-27,1984,189,105,양목초,신월중,중앙고,한국,성균관대,2006,한화
삼성,김헌곤,외야수,2500,1988-11-09,1988,174,81,회원초,경복중,제주관광고,한국,영남대,2011,삼성
두산,김현수,외야수,45000,1988-01-12,1988,188,100,수유초,신일중,신일고,한국,,2006,두산
NC,나성범,외야수,7500,1989-10-03,1989,183,100,대성초,진흥중,진흥고,한국,연세대,2012,NC
KIA,나지완,외야수,20000,1985-05-19,1985,182,95,수유초,신일중,신일고,한국,단국대,2008,KIA
한화,노수광,외야수,2400,1990-08-06,1990,180,75,유천초,청주중,청주고,한국,건국대,2014,한화
넥센,로티노,외야수,270000,1980-04-07,1980,183,86,,,,미국,,,
KIA,류현철,외야수,2400,1991-05-08,1991,186,81,구암초,성남중,성남고,한국,경남대,2014,KIA
삼성,문선엽,외야수,2700,1991-07-31,1991,175,80,양덕초,마산중,마산고,한국,(대구사이버대)-삼성-경찰,,
LG,문선재,외야수,7500,1990-05-20,1990,184,80,서림초,동성중,동성고,한국,LG-상무,2009,LG
넥센,문우람,외야수,6200,1992-03-08,1992,177,83,화순초,동성중,동성고,한국,,2012,넥센
두산,민병헌,외야수,14500,1987-03-10,1987,178,78,화곡초,잠신중,덕수정보고,한국,두산-경찰,2006,두산
두산,박건우,외야수,3100,1990-09-08,1990,184,80,역삼초,이수중,서울고,한국,두산-경찰,2009,두산
한화,박상규,외야수,2600,1989-05-02,1989,183,82,신흥초,충남중,대전고,한국,한화-상무,2008,한화
LG,박용근,외야수,4000,1984-01-21,1984,172,76,영랑초,설악중,속초상고,한국,영남대-LG-경찰,,
LG,박용택,외야수,35000,1979-04-21,1979,185,90,고명초,휘문중,휘문고,한국,고려대,,
NC,박으뜸,외야수,2500,1990-06-14,1990,176,70,서원초,세광중,세광고,한국,경남대,2013,NC
SK,박재상,외야수,16000,1982-07-20,1982,178,80,성남동초,매송중,서울고,한국,SK-상무,2001,SK
NC,박정준,외야수,5300,1984-06-26,1984,185,87,양덕초,경남중,경남고,한국,롯데-상무-롯데-넥센,,
KIA,박준태,외야수,2400,1991-07-26,1991,181,75,대연초,부산중,개성고,한국,인하대,2014,KIA
한화,박준혁,외야수,2400,1991-01-09,1991,188,91,충암초,홍은중,장충고,한국,제주국제대,2014,한화
삼성,박찬도,외야수,2600,1989-02-22,1989,185,75,비산초(안양리틀),평촌중,안산공고,한국,중앙대,2012,삼성
삼성,박한이,외야수,45000,1979-01-28,1979,182,91,초량초,부산중,부산고,한국,동국대,2001,삼성
삼성,박해민,외야수,2400,1990-02-24,1990,180,75,영중초,양천중,신일고,한국,한양대,2012,삼성
넥센,박헌도,외야수,2600,1987-01-01,1987,180,91,사파초,신월중,용마고,한국,경성대-히어로즈-상무,2009,히어로즈
LG,배병옥,외야수,2400,1995-11-21,1995,185,80,도신초,성남중,성남고,한국,,2014,LG
롯데,백민기,외야수,2500,1990-09-16,1990,185,86,서울학동초,서울강남중,서울성남고,한국,중앙대,2013,롯데
롯데,손아섭,외야수,40000,1988-03-18,1988,174,88,양정초,개성중,부산고,한국,(영남사이버대),2007,롯데
삼성,손형준,외야수,2400,1989-07-01,1989,186,88,본리초(삼성리틀),경상중,경북고,한국,연세대,2012,삼성
한화,송주호,외야수,2900,1988-07-11,1988,181,75,효제초,중앙중,중앙고,한국,(방송통신대)-삼성,,
삼성,송준석,외야수,2400,1994-05-04,1994,176,78,청구초,배명중,장충고,한국,(대구사이버대),2014,삼성
넥센,송지만,외야수,10000,1973-03-02,1973,178,85,서흥초,동산중,동산고,한국,인하대-한화,1996,한화
LG,스나이더,외야수,150000,1982-05-25,1982,192,96,,,,미국,,,
SK,스캇,외야수,250000,1978-06-25,1978,182,100,,,,미국,,,
롯데,신원재,외야수,2400,1991-07-17,1991,185,90,남도초,경상중,대구고,한국,영남대,2014,롯데
KIA,신종길,외야수,10000,1983-12-31,1983,183,85,대성초,무등중,광주제일고,한국,(동신대)-롯데-한화,2002,롯데
SK,안치용,외야수,5500,1979-02-23,1979,183,93,미성초,신일중,신일고,한국,연세대-LG,2002,LG
LG,양영동,외야수,5000,1983-07-16,1983,173,70,수유초,청원중,청원고,한국,홍익대-삼성-경찰,2008,경찰
넥센,오윤,외야수,7300,1981-09-08,1981,185,105,합덕초,온양중,북일고,한국,현대-상무-현대,2000,현대
NC,오정복,외야수,5300,1986-10-13,1986,177,75,삼성초,내동중,용마고,한국,인하대-삼성-NC-경찰,,
두산,오현근,외야수,2600,1985-09-12,1985,183,75,언북초,성남중,성남고,한국,고려대-SK-두산-경찰,2008,SK
삼성,우동균,외야수,5500,1989-12-03,1989,175,68,칠성초(삼성리틀),대구중,상원고,한국,(경일대)-삼성-경찰,2008,삼성
KIA,유재혁,외야수,2700,1992-03-29,1992,182,70,신도초,상인천중,제물포고,한국,,2011,KIA
넥센,유한준,외야수,11500,1981-07-01,1981,186,97,신흥초,부천중,유신고,한국,동국대-현대-우리-상무,2004,현대
KIA,이경록,외야수,2800,1989-01-18,1989,184,95,인천서림초,동산중,동산고,한국,대불대-삼성,2011,삼성
KIA,이대형,외야수,30000,1983-07-19,1983,184,78,광주서림초,무등중,광주제일고,한국,LG,,
KIA,이동훈,외야수,2600,1989-04-28,1989,176,72,동막초,대헌중,동산고,한국,동국대,2013,KIA
SK,이명기,외야수,4000,1987-12-26,1987,183,80,서화초,상인천중,인천고,한국,,2006,SK
LG,이병규,외야수,80000,1974-10-25,1974,185,85,청구초,서대문중,장충고,한국,단국대,1997,LG
LG,이병규,외야수,9300,1983-10-09,1983,178,90,율하초,경상중,경북고,한국,한양대,,
삼성,이상훈,외야수,4000,1987-05-04,1987,171,75,칠성초,경복중,경북고,한국,성균관대-한화,2010,한화
넥센,이성열,외야수,11000,1984-07-13,1984,185,102,순천북초,이수중,효천고,한국,LG-두산,2003,LG
롯데,이승화,외야수,6000,1982-05-04,1982,182,85,수영초,부산중,부산상고,한국,롯데-상무,2001,롯데
한화,이양기,외야수,5200,1981-01-31,1981,184,90,상인천초,동인천중,동산고,한국,탐라대-한화-상무,2003,한화
삼성,이영욱,외야수,7000,1985-10-11,1985,180,85,삼광초,덕수중,중앙고,한국,동국대-삼성-상무,,
한화,이용규,외야수,70000,1985-08-26,1985,175,70,성동초,잠신중,덕수정보고,한국,LG-KIA,2004,LG
NC,이종욱,외야수,50000,1980-06-18,1980,176,78,면목초,홍은중,선린인터넷고,한국,영남대-현대-상무-두산,2003,현대
KIA,이종환,외야수,3600,1986-05-08,1986,175,90,태안초,태안중,북일고,한국,단국대-KIA-상무,2010,KIA
KIA,이준호,외야수,4000,1987-09-07,1987,183,86,군산중앙초,군산남중,군산상고,한국,고려대,2011,KIA
NC,이지우,외야수,2400,1994-05-22,1994,183,84,율하초,경복중,경북고,한국,,2014,NC
LG,이진영,외야수,60000,1980-06-15,1980,185,90,군산초,군산남중,군산상고,한국,쌍방울-SK,1999,쌍방울
넥센,이택근,외야수,70000,1980-07-10,1980,183,89,배정초,대천중,경남상고,한국,고려대-현대-우리-히어로즈-LG,2003,현대
KIA,이호신,외야수,2800,1984-05-19,1984,176,72,사당초,잠신중,휘문고,한국,경희대-KIA-상무,2007,KIA
LG,임재철,외야수,15000,1976-04-08,1976,182,88,천안남산초,천안북중,북일고,한국,경성대-롯데-삼성-한화-두산,1999,롯데
SK,임훈,외야수,7500,1985-07-17,1985,186,86,수유초,신일중,신일고,한국,롯데,2004,SK
두산,장민석,외야수,12500,1982-05-09,1982,180,73,감천초,대동중,경남고,한국,현대-우리-히어로즈-넥센,2001,현대
한화,장운호,외야수,2700,1994-02-20,1994,183,85,중대초,배명중,배재고,한국,,,
롯데,전준우,외야수,16000,1986-02-25,1986,184,91,흥무초,경주중,경주고,한국,건국대,2008,롯데
두산,정수빈,외야수,13700,1990-10-07,1990,175,70,신곡초,수원북중,유신고,한국,,2009,두산
LG,정의윤,외야수,12000,1986-07-25,1986,185,87,신곡초,대신중,부산고,한국,LG-상무,,
SK,정진기,외야수,2900,1992-10-10,1992,185,84,화순초,화순중,화순고,한국,,2011,SK
한화,정현석,외야수,8000,1984-03-01,1984,182,93,유천초,한밭중,대전고,한국,경희대-한화-경찰,2008,한화
삼성,정형식,외야수,12000,1991-01-28,1991,178,73,화정초,진흥중,진흥고,한국,,2009,삼성
SK,조동화,외야수,12000,1981-03-22,1981,175,74,공주중동초,공주중,공주고,한국,(대불대)-SK-상무,2001,SK
롯데,조홍석,외야수,2800,1990-02-23,1990,175,70,화정초,영남중,배명고,한국,원광대,2013,롯데
NC,최재원,외야수,2500,1990-07-30,1990,183,81,무학초,마산중,마산고,한국,연세대,2013,NC
한화,최진행,외야수,17000,1985-08-17,1985,188,100,서울동원초,청량중,덕수정보고,한국,(우송대)-한화-경찰,2004,한화
삼성,최형우,외야수,45000,1983-12-16,1983,179,86,진북초,전주동중,전주고,한국,삼성-경찰,2002,삼성
한화,추승우,외야수,6000,1979-09-24,1979,187,74,공연초(하천리틀),청주중,청주기공고,한국,성균관대-LG-상무-LG,2002,LG
한화,피에,외야수,250000,1985-02-08,1985,188,86,,,,도미니카,,,
롯데,하준호,외야수,2600,1989-04-29,1989,174,78,하단초,대동중,경남고,한국,(영남사이버대),,
SK,한동민,외야수,6500,1989-08-09,1989,190,95,중앙초(해운대리틀),대천중,경남고,한국,경성대,2012,SK
삼성,허승민,외야수,2600,1986-02-28,1986,177,75,수창초,충장중,동성고,한국,건국대-삼성-상무,2008,삼성
롯데,황동채,외야수,3500,1983-07-04,1983,180,73,중앙초,개성중,부산고,한국,성균관대-롯데-경찰,2006,롯데
LG,황선일,외야수,2800,1987-02-17,1987,186,81,중앙초,군산중,군산상고,한국,LG-상무,,
NC,마낙길,외야수,2600,1989-06-22,1989,178,75,현산초(일산리틀),언북중,충암고,한국,경희대,2012,NC
두산,정수환,외야수,2400,1989-05-02,1989,192,108,가동초,덕수중,덕수고,한국,,,
